wavname,transcript
83dd99e4-30ff-4cd8-82f4-88f190c7b25d---d11f0031-97e7-4f6a-b138-277fc6a0b94.wav," Well, I don't know who told you that I'm a social worker because I'm not. But I do respect social workers because I think they make important contributions to society and help those who are marginalized and disadvantaged."
2d800dcc-8dcc-4812-a5e9-37a6019627b4---5b88fa6b-a831-4881-9836-3cf4d57d0be.wav," Oh, actually always because there are too many dogs around my house because my neighborhood also feed dogs."
7bbeebc3-7acf-489e-88a4-f50a7013821d---b2df9c8f-5102-49ed-8d4a-72ab02c6bb0.wav," Not really, as I don't live in a really big city, there are not many art galleries in our city, so I don't have much chances to visit one."
27a83836-b0b9-45e0-b92a-20e52437029c---1a1ea112-8f77-4df4-9c3e-d6e3e233179.wav, Maybe a coffee shop or some restaurants. I like to have dinner or have lunch with my friends.
d0c1b879-0160-4fde-ae4a-9934dc3df78b---9812ec6a-2d2f-4627-b15c-718c59d24e0.wav," No, I don't want to start a small business in the future because it's too tired for me. I know the people in small business, they woke up very early and they need to go to different places to sell their products and it's quite hard for me."
40080ce6-1c07-41c3-b54f-9d963a2c4139---f7c9d5d9-45e9-4848-9367-f1060096554.wav, I never really think about it but maybe well cookies
245ec3f7-101a-4eb0-a848-f27fb24989f1---7ff06bb8-8fda-487c-903a-1c622159998.wav," When I try to stay focused, many things can distract me, like some noise, some interesting things, or just a phone call, you know."
d13f6dbb-3a1f-4b05-b16d-9fa7b33763f7---74799c67-9cb5-4320-b72f-42dccfb8963.wav," From time to time, after I finish my job or work, and lying on my bed, I will listen to some of the"
fc73fa8c-ba24-455f-8089-25b039544b56---10d4673f-aa62-4414-b15d-f0557863abd.wav," Yes, I think it's important for people to learn basic repair skills so they can take care of small issues around the house without relying on professionals. You can save time and money in the long run and also provide a sense of independence and self-sufficiency."
5f97bbc9-c953-4143-a4fe-09006ba4c74a---92b07602-30f4-4899-831b-18091ea6063.wav," Yes, I agree with you. It depends on what things we are doing now and what things we like to do. And apparently what Cherry is doing now is what she likes to do."
789f6213-bc41-4afd-b8c6-1938a924f16d---7fa24760-bf42-4c1e-ba20-a26e6c42110.wav," As I just said, I love this food because it can not only bring you the feeling of cold, but also can give you the sweetening effect, can help you with your heaviness."
2090115f-ca26-420e-81c3-28ad672f8c42---e6280ff5-183a-4087-8e69-8ee96c6977a.wav," No, I don't like seeing because when I see a song, my parents and my friends will tell me, oh, it's terrible. It's not good."
6f3c7ed4-9c3e-4d3b-abfd-e84f954da44c---7e2036da-696c-4735-ac64-7de1d5d92b4.wav," I don't know any small businesses, but things like a small restaurant or a grocery store can be easily found near my community."
b5607279-05ef-42d4-bccd-95d666e21ea7---2abe4804-7a52-4433-a68a-d02b15452dd.wav," I'm not sure how effective that would be. I mean, you can try to teach that and promote that in school, but kids might not like it or be interested in it. So they won't actually learn anything."
1abdb5b5-298d-49c1-ab9f-29f6f11e0a9d---b481a3b7-5d1c-4518-b64e-7193dfded9a.wav," I think visiting the zoo is very meaningful. We can see many animals, phallus genes, and there are a lot of wild animals, just like pandas eat the bamboo, and tigers eat the meat. It's very interesting, I think."
162bf8af-521d-434b-9f93-89e16add007a---a446c11c-8aad-4769-a2bd-a73905ab726.wav," Yes, I can learn a lot of music per day, like 20 or 30 songs, and most of them are the same type"
c5010521-415b-4f54-9e81-f38e27054d9c---4b7206e4-78b0-4aba-83b0-5c7da1c0552.wav," For pilots flying over rural America, a stream of red lights flashing along the horizon is a warning that there might be a winged farm ahead."
a45d15c7-a59c-41ca-8b97-e452bf5967c3---fdfcc07f-b7b3-4f7c-be04-859818c4849.wav," Well, yeah, generally yes. I mean, if I have to, I will sing. I'm a decent singer, and I enjoy singing."
7b34d27c-a0dc-47ae-a8bd-956f02995342---64a6c36d-62db-4123-acf8-f882c18d1c4.wav," There are two situations where I will be very focused. Firstly, when the dialing approaches, I will focus on my work. Secondly, when dancing, when I dance, I'm very focused on listening to music."
516be824-f565-43b1-ba43-98bbfd69109f---2b1f4d68-3935-4960-b815-cc0815e676b.wav," Yes, it was really insightful. I learned a lot about how to create situatable projects that benefit my community."
4bdfc385-e6ed-4f32-8bfb-e5c8b67ebe8b---e940bf9b-afc5-436a-a389-8f1b23ae377.wav," Not that often. When I was a child, I liked to climb the mountain, but for the picnic, not really, because you need to pack a lot of food and you need to ask others to go outside. But for me, it's like I just go outside with my parents."
4bdfc385-e6ed-4f32-8bfb-e5c8b67ebe8b---7a20ecff-e425-446c-9584-db16789f2a2.wav," It definitely feels better. But after that, I will say I waste the time and I have a lot of things to do. I need to focus on the works I need to do and be a little anxious."
7348cdce-637d-48a9-97fa-1a39b4fa1a7b---d0067603-7ef3-46ee-bf6c-5e32ab58b42.wav, Maybe I like to sit on the place that is cool because I don't like the hot place and very cold place. So maybe I will find a cool place to sit. That's all.
bf99dc97-fa1c-47be-8334-617d99367edd---4da44554-c753-440d-bd47-872668f81a5.wav," to be honest, I'd like to sing my song for my parents because they love me very much. So I want to sing a grateful song for them."
bf99dc97-fa1c-47be-8334-617d99367edd---d118f4b4-7f39-4195-b77d-fe00ac8201d.wav, Adults need to be busy on their work and children need to study more on weekends. So I think they don't have enough time to do other activities together.
81e79f7b-8307-4a89-8962-620518182822---a9c5bacd-c3bb-4503-ab05-757f7594ca3.wav, I often go out for walking along the Riverside Park and maybe read a book or listen to some
2d800dcc-8dcc-4812-a5e9-37a6019627b4---c6c78662-8d13-43d1-b55d-2b2b04673aa.wav," I think not often because when I'm a child, my classmates often don't come to see their promise to me."
bcee2ca5-8483-408a-93e3-50528f6da939---24ee06c2-5293-49ee-9e5e-fbad25b241f.wav," Yes, of course. Parents always promise their children, such as, if you can get a high grade, I'll buy a new toy for you."
06128238-26e2-4ffc-b124-a44c27aade61---5e1919a8-72ea-4585-935a-270bdc9c490.wav," Yes, because my girlfriend likes to take photos. So if I have a chance, I need to improve it for my girlfriend."
f353a88e-cfcb-44d7-a23b-f6c26c9ea908---a5d60c2b-f9fe-4e81-9e83-0c9e7678254.wav," I don't quite know about Da Vinci, but I do know about Michelangelo. Do you know him?"
0da366a3-a684-4c34-9109-11fdfc63227c---68bc2586-0cbd-4669-aa68-094aebd76b7.wav, depends I mean it depends on what I'm looking for if I'm going to buy like a phone or computer I would definitely choose big ones because the quality of the product is more reliable for sure
7b34d27c-a0dc-47ae-a8bd-956f02995342---70f4dd53-bae8-40aa-9ade-9296db1707a.wav," I think visiting the zoo is very meaningful. We can see many animals, and learn a lot about the animals, such as maybe you can see the panda eating bamboos, the tiger eating meat. It's very useful, I think."
5501c9b5-8232-425d-8e81-9b4e174beecd---53566d72-6919-47af-af3f-ccf9a8ec6f2.wav," I arrange my daily activities according to my own schedule. For example, I always work out in the morning and I do all my assignments for study in the afternoon. At night, I hang out with friends and shop."
b256e636-2314-4978-bfa5-e0872b6a45b0---4f46f92a-b043-40d6-a015-ca3e4235ea4.wav, I'm an active person and I enjoy playing a variety of sports. One of my favorite sports to play is basketball as it is a great way to stay fit and socialize with friends at the same time.
7b34d27c-a0dc-47ae-a8bd-956f02995342---b854e45b-358b-491a-b015-c2d7cc207dc.wav," Well, I told my foreigner friends this city and I guess they may like the Yoneko Chinese culture. If one day they really come, I think I will turn them away."
b7fc44a4-a030-48d0-9199-b08957ce298e---ab535313-53da-4106-8a87-689302f4007.wav," Maybe my appearance. I'm thinking about keeping long hair. Well, because I've been, I've kept my hair short for like about 10 years. Well, it's good to make some change."
fe3d2889-9580-4a1c-9766-42f89942265e---e04cfbe6-34e1-4908-aede-9aef0319f59.wav," Yes, I have some knowledge about the stars. I have watched like lot of YouTube videos about stars and about galaxies and generally about space."
bcee2ca5-8483-408a-93e3-50528f6da939---5fbdf9ec-5c7d-4536-b58f-012c983929f.wav," For species animals, I think it's need to set up a natural service. It can be good with them and protect them well."
7b34d27c-a0dc-47ae-a8bd-956f02995342---54d46d25-d915-4cd6-b205-35cc9758db1.wav," I often go to the zoo. I think the zoo is a very interesting place. And I go, I went to the zoo once a week now."
4183af53-2541-4cae-9186-09e39e7f3d62---19793380-3621-40c3-91e1-5841503448a.wav," Yes, I think people must get a balanced situation and choice in the arts, in real estate and in biotechnology."
cbfa6fe0-f25d-4b44-816e-79938af0c780---540a6466-10c4-494e-9004-2a65e3ae33a.wav," Yes, I support you. And I think Chinese must be the best in the world."
197b043a-7182-4de2-9a46-ce84fd3f5bd1---46ca6809-80ae-4412-b6e2-1fdf4ea2b98.wav," Well, I think saving money is very important. Of course, spending money in a blind way, it means you have a plan for doing things. I think it's a good habit for anything."
19b9a149-65ec-4556-bf41-7096820abfbe---0b4450f1-a4d4-4edd-bd77-3d2ebbe111b.wav," No, I'm not usually too. But I will share my feelings with my childhood friends. And we have same hobbies."
3bf230a8-3aa3-4192-9690-1e371135b688---c8884b7f-687a-4569-8b5e-923cb159b3c.wav," I think cooperation among explorers is essential in meeting explosion hazards. As someone who grew up in the ruling age, I knew how important it is to work together when facing challenging situations."
00174478-41df-41e8-9d0d-08256c16d87b---06fa6962-a03a-4d9d-b8f8-c1a6caaf194.wav," Yeah, of course. When I was in primary school, I attended music and singing classes. My music teacher is a very nice madam. She taught me how to sing."
f1ab2663-fe7a-48d0-b504-043a718d8906---71e838e8-b508-4f2a-aa33-42a49b78eff.wav," Well, every afternoon I would eat snacks just like a little chocolate cake or chocolate cookies with a simple coffee like Americano."
957ae206-f481-4d95-8331-975d9e973a21---0bc0695c-10d9-406c-a7f6-8112ab87068.wav, Three years old again into the about six years
7348cdce-637d-48a9-97fa-1a39b4fa1a7b---cab063eb-9e34-4fec-99e7-42db0e2faf9.wav," Yes, I think maybe there are many different places for people to meet with each other. For example, like movie theaters or sports field or some shopping mall and even some roads, some parks and so on. That's all."
02f474e2-0c2e-4829-bf96-42a65173bcdc---b050a164-92e3-4c54-a4de-5aff978c12a.wav," No, I don't think it's a good idea because there are a lot of people on the social network and they can speak some bad words towards you and some people might commit suicide because of those bad words. And I think it's not a good idea to always share everything on the social network."
fc73fa8c-ba24-455f-8089-25b039544b56---ba1d3b80-847d-47fb-aa10-497635abed4.wav," Yes, I am capable of fixing simple things such as a leaky faucet or a blown fuse. However, for more complex issues, I will seek the help of a professional to ensure the problem is properly resolved."
